contrast	estimate	std.error	adj.p.value
AVIPRO.Infantis - BBS866.Infantis	-0.09150910951985174	0.06779714810946291	0.1832995171329892
AVIPRO.Infantis - Mock.Infantis	0.14062730768083095	0.06908863840636009	0.05667734726362577
AVIPRO.Infantis - Mock.Mock	-0.26498944617646686	0.07056550904011925	0.0013806638557926551
BBS866.Infantis - Mock.Infantis	0.23213641720068268	0.06908863840636009	0.003033474778115516
BBS866.Infantis - Mock.Mock	-0.1734803366566151	0.07056550904011927	0.026304087404005097
Mock.Infantis - Mock.Mock	-0.4056167538572978	0.0718072261764753	4.859950438093236e-6
