term	contrast	null.value	estimate	std.error	df	statistic	adj.p.value
Vaccine	mock - AviPro	0	-1.6851483859287981	0.38427691410103143	38	-4.385244921285463	2.659096033386548e-4
Vaccine	mock - 866	0	-0.8862491924397231	0.3842769141010315	38	-2.3062774783465563	0.03996508548140325
Vaccine	AviPro - 866	0	0.798899193489075	0.37709353464341305	38	2.1185703813366348	0.04072254025335124
